experiment_id,stage,target,method,evaluation_window,population_rows,positives,base_rate,pr_auc,precision,recall,f2,alerts,threshold,status,decision
E01,資料探索,缺車事件長度,只出現一個30分鐘快照,2026-01至2026-04,,,,,,,,,,adopted_evidence,59.1%事件下一張即恢復
E01,資料探索,缺車事件長度,持續至少60分鐘,2026-01至2026-04,,,,,,,,,,adopted_evidence,40.9%事件值得進一步辨識
E01,資料探索,缺車事件長度,只出現一個30分鐘快照,2026-05,,,,,,,,,,adopted_evidence,59.6%事件下一張即恢復且與開發期接近
E01,資料探索,缺車事件長度,持續至少60分鐘,2026-05,,,,,,,,,,adopted_evidence,40.4%事件持續且與開發期接近
E02,站點重要性,前25%重要站,一般變動與總變動敏感度,2026-01至2026-05,,,,,,,,,,adopted_evidence,名單會隨定義變動所以不硬塞成訓練母體
E03,雙優先分析,高失衡與高價值站,尖峰失衡率交叉使用流量代理,2026-01至2026-05,,,,,,,,,,adopted_evidence,問題嚴重度與營運影響力留在決策層
E04,初始baseline,正常站t+30新缺車,可借比例規則,2026-05-21至2026-05-31尖峰,219578,8854,0.0403228,0.1566107,0.1365785,0.6622995,0.3742135,,,baseline,簡單比例基準
E04,初始baseline,正常站t+30新缺車,線性外推,2026-05-21至2026-05-31尖峰,219578,8854,0.0403228,0.1273939,0.1245011,0.6659137,0.3561548,,,baseline,簡單趨勢基準
E04,初始baseline,正常站t+30新缺車,Logistic,2026-05-21至2026-05-31尖峰,219578,8854,0.0403228,0.1902829,0.1560569,0.6874859,0.4089571,,,baseline,統計學習基準
E05,初始樹模型,正常站t+30新缺車,LightGBM v1,2026-05-21至2026-05-31尖峰,219578,8854,0.0403228,0.2688269,0.2015643,0.6839846,0.4625655,,,not_adopted,排序改善但警示Precision不足
E05,初始樹模型,正常站t+30新缺車,LightGBM調參,2026-05-21至2026-05-31尖峰,219578,8854,0.0403228,0.2708344,0.2036561,0.6807093,0.4635441,,,not_adopted,第一版缺車最佳PR-AUC但不適合直接派工
E05,初始樹模型,正常站t+30新缺車,XGBoost調參,2026-05-21至2026-05-31尖峰,219578,8854,0.0403228,0.2697259,0.1965866,0.7051050,0.4646956,,,not_adopted,F2略高但Precision仍低
E05,初始樹模型,正常站t+30新滿柱,LightGBM v1,2026-05-21至2026-05-31尖峰,219578,1484,0.0067584,0.1622078,0.1249092,0.5795148,0.3353873,,,not_adopted,事件更稀少
E05,初始樹模型,正常站t+30新滿柱,LightGBM調參,2026-05-21至2026-05-31尖峰,219578,1484,0.0067584,0.1605747,0.1227614,0.5727763,0.3304821,,,not_adopted,未勝過v1
E05,初始樹模型,正常站t+30新滿柱,XGBoost調參,2026-05-21至2026-05-31尖峰,219578,1484,0.0067584,0.1579340,0.1279628,0.5384097,0.3279967,,,not_adopted,未形成可用警示
E06,行動政策,新失衡警示清單,F2門檻與K5 K10 K20,2026-05,,,,,,,,,,baseline,TopK控制工作量但純K會硬湊低風險站
E07,營運容量代理,疑似運補跳動,大量車數跳動與介入容量情境,2026-01至2026-05,,,,,,,,,,exploratory,只能作代理不可宣稱真實運補或成本
E08,加權實驗,exact-zero缺車,未加權基準,2026-05,,,,0.12874,,,,,,not_adopted,canonical PR-AUC
E08,加權實驗,exact-zero缺車,正例權重2倍,2026-05,,,,0.12966,,,,,,not_adopted,改善僅約0.09個百分點
E08,加權實驗,exact-zero缺車,困難負例權重2倍,2026-05,,,,0.12371,,,,,,not_adopted,反而下降
E08,加權實驗,exact-zero缺車,組合權重2倍,2026-05,,,,0.12323,,,,,,not_adopted,反而下降
E08,加權實驗,exact-zero滿柱,未加權基準,2026-05,,,,0.05187,,,,,,not_adopted,canonical PR-AUC
E08,加權實驗,exact-zero滿柱,正例權重4倍,2026-05,,,,0.05497,,,,,,not_adopted,小幅提升仍不足
E09,標籤實驗,替代失衡定義,小於等於1或2車及容量5%,2026-05,,,,,,,,,,not_adopted,自身任務較容易但exact-zero沒有穩定改善
E10,隔日尖峰,早尖峰確切時槽缺車,05:30預測06:00至10:00,2026-05,,,,0.0385,,,,,,not_adopted,欄位為相對基線PR-AUC增量而非絕對值
E11,多時點,缺車t+30且t+60皆失衡,LightGBM joint label,2026-05,,,0.0109,0.1328,0.1915,0.2047,,,,not_adopted,正例過稀疏
E11,多時點,滿柱t+30且t+60皆失衡,LightGBM joint label,2026-05,,,0.0010,0.0654,0.0909,0.2869,,,,not_adopted,正例更稀疏
E12,首次紅燈,缺車持續30分鐘,LightGBM二元模型,2026-05,,,0.3826,0.5098,0.5902,0.1908,,,,promising_not_final,只在Episode第一張紅燈預測
E12,首次紅燈,缺車持續30與60分鐘,LightGBM二元模型,2026-05,,,0.1603,0.2822,0.3535,0.1836,,,,not_adopted,較難且覆蓋低
E12,首次紅燈,滿柱持續30分鐘,LightGBM二元模型,2026-05,,,0.2095,0.3691,0.4737,0.1852,,,,promising_not_final,只在Episode第一張紅燈預測
E12,首次紅燈,滿柱持續30與60分鐘,LightGBM二元模型,2026-05,,,0.0573,0.1569,0.1691,0.2611,,,,not_adopted,精確度不足
E13,存活模型,缺車持續30分鐘,離散存活模型,2026-05,,,0.3827,0.5196,0.5951,0.1849,,,,not_adopted,只比公平二元模型略高
E13,存活模型,缺車持續30分鐘,公平二元模型,2026-05,,,0.3827,0.5121,0.5880,0.1993,,,,not_adopted,Recall反而較高
E13,存活模型,缺車持續30與60分鐘,離散存活模型,2026-05,,,0.1603,0.2918,0.3647,0.1774,,,,not_adopted,提升有限
E13,存活模型,滿柱持續30分鐘,離散存活模型,2026-05,,,0.2097,0.3716,0.4563,0.1705,,,,not_adopted,提升有限
E14,首次紅燈TopK,缺車持續30分鐘,純風險K10,2026-05,,,,,0.5219,0.2525,,4265,,not_adopted,會在低風險時硬湊名額
E14,首次紅燈TopK,缺車持續30分鐘,門檻後K10,2026-05,,,,,0.5967,0.1522,,2249,,not_adopted,Precision上升但仍是首次紅燈模型
E15,共識與歷史篩選,缺車持續30分鐘,雙模型共識K10,2026-05,,,,,0.6088,0.1352,,,,not_adopted,Recall下降
E15,共識與歷史篩選,缺車持續30分鐘,共識加歷史LCB 0.75倍K10,2026-05,,,,,0.6478,0.0920,,,,not_adopted,Precision提高但覆蓋過低
E16,歷史倍率ML,缺車持續30分鐘,固定歷史0.75倍K10,2026-04 gate,,,,,0.6578,0.1105,,,,not_adopted,較穩定的規則基準
E16,歷史倍率ML,缺車持續30分鐘,小型LightGBM第二層,2026-04 gate,,,,,0.6598,0.1108,,,,exploratory,約260筆且缺週末過擬合風險高
E16,歷史倍率ML,缺車持續30分鐘,Logistic第二層,2026-05,,,,,0.6148,0.1312,,,,not_adopted,未勝固定歷史規則
E17,動態模型,當下缺車預測t+30仍缺車,全部紅燈皆警示,2026-05,,,,,0.4200,1.0000,,37535,,baseline,最低限度基準
E17,動態模型,當下缺車預測t+30仍缺車,已缺車至少60分鐘,2026-05,,,,,0.5627,0.2231,,,,baseline,持續時間規則
E17,動態模型,當下缺車預測t+30仍缺車,平衡LightGBM,2026-05,,,,,0.6587,0.2066,,4943,,adopted,動態重評估主模型
E17,動態模型,當下缺車預測t+30仍缺車,嚴格LightGBM,2026-05,,,,,0.7004,0.0755,,1699,,optional_strict,Precision換取低Recall
E18,動態模型bakeoff,當下缺車預測t+30仍缺車,Logistic,2026-05,,,,0.563521,0.5708,0.2880,,,,not_adopted,Recall較高但Precision較低
E18,動態模型bakeoff,當下缺車預測t+30仍缺車,XGBoost,2026-05,,,,0.563013,0.6265,0.1814,,,,not_adopted,未勝LightGBM
E18,動態模型bakeoff,當下缺車預測t+30仍缺車,LightGBM,2026-05,,,,0.574976,0.6587,0.2066,,,,adopted,May PR-AUC與Precision最佳且Recall超過20%
E19,動態存活共識,當下缺車預測t+30仍缺車,平衡LightGBM,2026-04 gate,,,,,0.6218,0.2117,,,,adopted_reference,共識前基準
E19,動態存活共識,當下缺車預測t+30仍缺車,LGBM AND條件式存活,2026-04 gate,,,,,0.6646,0.1098,,,,not_adopted,Recall近乎減半
E19,動態存活共識,當下缺車預測t+30仍缺車,平衡LightGBM,2026-05,,,,,0.6587,0.2066,,,,adopted_reference,共識前基準
E19,動態存活共識,當下缺車預測t+30仍缺車,LGBM AND條件式存活,2026-05,,,,,0.6453,0.0900,,,,not_adopted,Precision與Recall皆不理想
E20,動態Logistic共識,當下缺車預測t+30仍缺車,平衡LightGBM,2026-06 retrospective,27962,11921,0.426329,,0.6584,0.2126,,,,adopted_reference,共識前基準
E20,動態Logistic共識,當下缺車預測t+30仍缺車,pooled Logistic,2026-06 retrospective,27962,11921,0.426329,,0.5477,0.3653,,,,not_adopted,Recall較高但Precision較低
E20,動態Logistic共識,當下缺車預測t+30仍缺車,LGBM AND Logistic,2026-06 retrospective,27962,11921,0.426329,,0.6808,0.1278,,,,not_adopted,改善主要來自超長事件且未通過早期事件檢查
E21,六月凍結最終,當下缺車預測t+30仍缺車,全部紅燈皆警示,2026-06,27962,11921,0.426329,,0.426329,1.0000,,27962,,baseline,六月母體基準率
E21,六月凍結最終,當下缺車預測t+30仍缺車,已缺車至少60分鐘,2026-06,27962,11921,0.426329,,0.564884,0.222381,,4693,,baseline,持續時間規則
E21,六月凍結最終,當下缺車預測t+30仍缺車,平衡LightGBM,2026-06,27962,11921,0.426329,0.5661,0.658353,0.212566,,3849,0.566812,adopted,Demo預設模型
E21,六月凍結最終,當下缺車預測t+30仍缺車,平衡LightGBM加K10,2026-06,27962,11921,0.426329,,0.685813,0.149232,,2594,0.566812,adopted_capacity_mode,有限行動清單
E21,六月凍結最終,當下缺車預測t+30仍缺車,嚴格LightGBM,2026-06,27962,11921,0.426329,,0.685550,0.070044,,1218,0.651777,optional_strict,Precision優先模式
E22,六月公平K10,當下缺車預測t+30仍缺車,持續缺車最久Top10無門檻,2026-06,27962,11921,0.426329,,0.560453,0.195202,,4152,,baseline,相同工作量比較
E22,六月公平K10,當下缺車預測t+30仍缺車,模型風險Top10無門檻,2026-06,27962,11921,0.426329,,0.619942,0.215921,,4152,,adopted_evidence,同工作量多命中247筆
E23,動態滿柱,當下滿柱預測t+30仍滿柱,平衡LightGBM,2026-06,3776,907,0.240201,0.3993,0.4771,0.1720,,327,0.420596,auxiliary,前端輔助模式
E23,動態滿柱,當下滿柱預測t+30仍滿柱,嚴格LightGBM,2026-06,3776,907,0.240201,,0.5679,0.1014,,162,0.481074,optional_strict,不作簡報主張
E24,反事實Demo,命中站點若接受派車,可復原派車情境,六月歷史回放,,,,,,,,,,demo_only,非因果估計且非路線最佳化
